"Mixture","EXM","Prim","Absolute.score..sig.score.","dataset","FILE.NAME.(Required)","description","genetic.background","oxygen","condition","time.point","model.system","batch"
"BMLHE40_WT_1_GT24-00872_GTGTCGGA-GCGCAAGC_S193_L007",3.92048765059369,16.6120495425267,20.5325371931204,"May2024","BMLHE40_WT_1_GT24-00872_GTGTCGGA-GCGCAAGC_S193_L007_R1_001.fastq.gz","KOLF2.2 derived primitive syncytium ","KOLF2.2J","20%","WT","6","extra-embryonic primitive syncytial cells","20240307_24-robson-002"
"BMLHE40_WT_2_GT24-00873_TTCCTGTT-AAGATACT_S191_L007",4.27139986242112,14.1687618588904,18.4401617213115,"May2024","BMLHE40_WT_2_GT24-00873_TTCCTGTT-AAGATACT_S191_L007_R1_001.fastq.gz","KOLF2.2 derived primitive syncytium ","KOLF2.2J","20%","WT","6","extra-embryonic primitive syncytial cells","20240307_24-robson-002"
"BMLHE40_WT_3_GT24-00874_CCTTCACC-GGAGCGTC_S188_L007",3.2503042056237,16.7173541672658,19.9676583728895,"May2024","BMLHE40_WT_3_GT24-00874_CCTTCACC-GGAGCGTC_S188_L007_R1_001.fastq.gz","KOLF2.2 derived primitive syncytium ","KOLF2.2J","20%","WT","6","extra-embryonic primitive syncytial cells","20240307_24-robson-002"
"DLX4_5_6_WT_1_GT24-03496_GATCTATC-AGCCTCAT_S18_L001",2.83163038895339,14.0149592352768,16.8465896242302,"RNASeq5","DLX4_5_6_WT_1_GT24-03496_GATCTATC-AGCCTCAT_S18_L001_R1_001.fastq.gz","KOLF2.2 derived primitive syncytium ","KOLF2.2J","20%","WT","6","Extra-embryonic primitive syncytial cells","20240617_24-robson-018"
"DLX4_5_6_WT_2_GT24-03497_AGCTCGCT-GATTCTGC_S7_L001",2.40680939455429,16.1563241358227,18.563133530377,"RNASeq5","DLX4_5_6_WT_2_GT24-03497_AGCTCGCT-GATTCTGC_S7_L001_R1_001.fastq.gz","KOLF2.2 derived primitive syncytium ","KOLF2.2J","20%","WT","6","Extra-embryonic primitive syncytial cells","20240617_24-robson-018"
"DLX4_5_6_WT_3_GT24-03498_CGGAACTG-TCGTAGTG_S14_L001",2.36992288693242,15.3638726720804,17.7337955590129,"RNASeq5","DLX4_5_6_WT_3_GT24-03498_CGGAACTG-TCGTAGTG_S14_L001_R1_001.fastq.gz","KOLF2.2 derived primitive syncytium ","KOLF2.2J","20%","WT","6","Extra-embryonic primitive syncytial cells","20240617_24-robson-018"
"EPAS1_R_WT1_N_GT24-02290_CATAATAC-CGTTAGAA_S190_L005",1.91027671478218,14.3149582958609,16.2252350106431,"RNASeq7","EPAS1_R_WT1_N_GT24-02290_CATAATAC-CGTTAGAA_S190_L005_R1_001.fastq.gz","KOLF2.2J derived primitive syncytium in normoxia","KOLF2.2J","20%","WT","6","Extra-embryonic primitive syncytial cells","20240429_24-robson-014"
"EPAS1_R_WT2_N_GT24-02292_AGCTCGCT-GATTCTGC_S184_L005",2.09256647082278,13.0495026582374,15.1420691290602,"RNASeq7","EPAS1_R_WT2_N_GT24-02292_AGCTCGCT-GATTCTGC_S184_L005_R1_001.fastq.gz","KOLF2.2J derived primitive syncytium in normoxia","KOLF2.2J","20%","WT","6","Extra-embryonic primitive syncytial cells","20240429_24-robson-014"
"EPAS1_R_WT3_N_GT24-02294_TAAGGTCA-CTACGACA_S191_L005",1.87601287828757,14.3082282362341,16.1842411145217,"RNASeq7","EPAS1_R_WT3_N_GT24-02294_TAAGGTCA-CTACGACA_S191_L005_R1_001.fastq.gz","KOLF2.2J derived primitive syncytium in normoxia","KOLF2.2J","20%","WT","6","Extra-embryonic primitive syncytial cells","20240429_24-robson-014"
"GCM1_GHRL1_WT_1_GT24-02287_GTTCGCCG-CAATGAGC_S186_L005",3.32707488535697,10.687972710062,14.015047595419,"RNASeq7","GCM1_GHRL1_WT_1_GT24-02287_GTTCGCCG-CAATGAGC_S186_L005_R1_001.fastq.gz","KOLF2.2J derived primitive syncytium ","KOLF2.2J","20%","WT","6","Extra-embryonic primitive syncytial cells","20240429_24-robson-014"
"GCM1_GHRL1_WT_2_GT24-02288_CACGAGCG-TGGCAGAT_S204_L005",2.97770196681852,11.6740465162562,14.6517484830747,"RNASeq7","GCM1_GHRL1_WT_2_GT24-02288_CACGAGCG-TGGCAGAT_S204_L005_R1_001.fastq.gz","KOLF2.2J derived primitive syncytium ","KOLF2.2J","20%","WT","6","Extra-embryonic primitive syncytial cells","20240429_24-robson-014"
"GCM1_GHRL1_WT_3_GT24-02289_TGCGGCGT-TACCGAGG_S199_L005",3.02710315495046,10.1770947612095,13.2041979161599,"RNASeq7","GCM1_GHRL1_WT_3_GT24-02289_TGCGGCGT-TACCGAGG_S199_L005_R1_001.fastq.gz","KOLF2.2J derived primitive syncytium ","KOLF2.2J","20%","WT","6","Extra-embryonic primitive syncytial cells","20240429_24-robson-014"
"GCM1_WT_1_GT23-11433_ACTAAGAT-CCGCGGTT_S57_L002",0,20.3239290807283,20.3239290807283,"Dec2023","GCM1_WT_1_GT23-11433_ACTAAGAT-CCGCGGTT_S57_L002_R1_001.fastq.gz","KOLF2.2 derived primitive syncytium ","KOLF2.2J","20%","WT","6","extra-embryonic primitive syncytial cells","20230918_23-robson-009"
"GCM1_WT_2_GT23-11434_GTCGGAGC-TTATAACC_S46_L002",1.81427265934581,13.8202313054771,15.6345039648229,"Dec2023","GCM1_WT_2_GT23-11434_GTCGGAGC-TTATAACC_S46_L002_R1_001.fastq.gz","KOLF2.2 derived primitive syncytium ","KOLF2.2J","20%","WT","6","extra-embryonic primitive syncytial cells","20230918_23-robson-009"
"GCM1_WT_3_GT23-11435_CTTGGTAT-GGACTTGG_S41_L002",1.28848083068397,16.1723814132691,17.460862243953,"Dec2023","GCM1_WT_3_GT23-11435_CTTGGTAT-GGACTTGG_S41_L002_R1_001.fastq.gz","KOLF2.2 derived primitive syncytium ","KOLF2.2J","20%","WT","6","extra-embryonic primitive syncytial cells","20230918_23-robson-009"
"HEY1_HOPX_MAFF_WT_1_GT24-03520_CTGCTTCC-GATCTATC_S34_L001",4.78871428284666,13.1759728443323,17.964687127179,"RNASeq5","HEY1_HOPX_MAFF_WT_1_GT24-03520_CTGCTTCC-GATCTATC_S34_L001_R1_001.fastq.gz","KOLF2.2 derived primitive syncytium ","KOLF2.2J","20%","WT","6","Extra-embryonic primitive syncytial cells","20240617_24-robson-018"
"HEY1_HOPX_MAFF_WT_2_GT24-03521_TCATCCTT-AGCTCGCT_S16_L001",4.84244879249812,13.8196316783724,18.6620804708705,"RNASeq5","HEY1_HOPX_MAFF_WT_2_GT24-03521_TCATCCTT-AGCTCGCT_S16_L001_R1_001.fastq.gz","KOLF2.2 derived primitive syncytium ","KOLF2.2J","20%","WT","6","Extra-embryonic primitive syncytial cells","20240617_24-robson-018"
"HEY1_HOPX_MAFF_WT_3_GT24-03522_AGGTTATA-CGGAACTG_S12_L001",5.05200594056522,12.8304563205515,17.8824622611167,"RNASeq5","HEY1_HOPX_MAFF_WT_3_GT24-03522_AGGTTATA-CGGAACTG_S12_L001_R1_001.fastq.gz","KOLF2.2 derived primitive syncytium ","KOLF2.2J","20%","WT","6","Extra-embryonic primitive syncytial cells","20240617_24-robson-018"
"KOLF2_FOSB_1_GT23-10493_GACCTGAA-CTCACCAA_S32_L001",0.895104670529653,22.6717342257775,23.5668388963071,"Dec2023","KOLF2_FOSB_1_GT23-10493_GACCTGAA-CTCACCAA_S32_L001_R1_001.fastq.gz","KOLF2.2 derived primitive syncytium ","KOLF2.2J","20%","WT","6","extra-embryonic primitive syncytial cells","20230809_23-robson-005-run2"
"KOLF2_GHRL1_2_GT23-10492_TTACAGGA-GCTTGTCA_S6_L001",0.870539588995106,21.0012209291069,21.871760518102,"Dec2023","KOLF2_GHRL1_2_GT23-10492_TTACAGGA-GCTTGTCA_S6_L001_R1_001.fastq.gz","KOLF2.2 derived primitive syncytium ","KOLF2.2J","20%","WT","6","extra-embryonic primitive syncytial cells","20230809_23-robson-005-run2"
"MBLN2_3_TWIST2_WT_1_GT24-03508_ACTCGTGT-GTTCCAAT_S17_L001",4.75428387584766,10.2293790362447,14.9836629120924,"RNASeq5","MBLN2_3_TWIST2_WT_1_GT24-03508_ACTCGTGT-GTTCCAAT_S17_L001_R1_001.fastq.gz","KOLF2.2 derived primitive syncytium ","KOLF2.2J","20%","WT","6","Extra-embryonic primitive syncytial cells","20240617_24-robson-018"
"MBLN2_3_TWIST2_WT_2_GT24-03509_GTCTACAC-ACCTTGGC_S21_L001",4.28829343472223,12.1983820916927,16.4866755264149,"RNASeq5","MBLN2_3_TWIST2_WT_2_GT24-03509_GTCTACAC-ACCTTGGC_S21_L001_R1_001.fastq.gz","KOLF2.2 derived primitive syncytium ","KOLF2.2J","20%","WT","6","Extra-embryonic primitive syncytial cells","20240617_24-robson-018"
"MBLN2_3_TWIST2_WT_3_GT24-03510_CAATTAAC-ATATCTCG_S19_L001",4.62612937341038,9.16855093369319,13.7946803071036,"RNASeq5","MBLN2_3_TWIST2_WT_3_GT24-03510_CAATTAAC-ATATCTCG_S19_L001_R1_001.fastq.gz","KOLF2.2 derived primitive syncytium ","KOLF2.2J","20%","WT","6","Extra-embryonic primitive syncytial cells","20240617_24-robson-018"
"NC0A3_WT_1_GT24-01175_AACGTTCC-AGTACTCC_S144_L005",3.1537461219497,21.4728911717813,24.626637293731,"May2024","NC0A3_WT_1_GT24-01175_AACGTTCC-AGTACTCC_S144_L005_R1_001.fastq.gz","KOLF2.2 derived primitive syncytium ","KOLF2.2J","20%","WT","6","extra-embryonic primitive syncytial cells","20240307_24-robson-005"
"NC0A3_WT_2_GT24-01176_GCAGAATT-TGGCCGGT_S146_L005",3.30831148402893,19.7856271718103,23.0939386558392,"May2024","NC0A3_WT_2_GT24-01176_GCAGAATT-TGGCCGGT_S146_L005_R1_001.fastq.gz","KOLF2.2 derived primitive syncytium ","KOLF2.2J","20%","WT","6","extra-embryonic primitive syncytial cells","20240307_24-robson-005"
"NC0A3_WT_3_GT24-01177_ATGAGGCC-CAATTAAC_S131_L005",4.13353708485669,17.5174872162148,21.6510243010715,"May2024","NC0A3_WT_3_GT24-01177_ATGAGGCC-CAATTAAC_S131_L005_R1_001.fastq.gz","KOLF2.2 derived primitive syncytium ","KOLF2.2J","20%","WT","6","extra-embryonic primitive syncytial cells","20240307_24-robson-005"
"OVOL1_WT_1_GT23-14419_CGTTAGAA-GACCTGAA_S14_L002",1.25559538448082,22.1167667302962,23.372362114777,"RNAseq4","OVOL1_WT_1_GT23-14419_CGTTAGAA-GACCTGAA_S14_L002_R1_001.fastq.gz","KOLF2.2 derived primitive syncytium ","KOLF2.2J","20%","WT","6","Extra-embryonic primitive syncytial cells","20231214_23-robson-016"
"OVOL1_WT_2_GT23-14420_AGCCTCAT-TCTCTACT_S19_L002",1.14686569309943,21.7646458805433,22.9115115736427,"RNAseq4","OVOL1_WT_2_GT23-14420_AGCCTCAT-TCTCTACT_S19_L002_R1_001.fastq.gz","KOLF2.2 derived primitive syncytium ","KOLF2.2J","20%","WT","6","Extra-embryonic primitive syncytial cells","20231214_23-robson-016"
"OVOL1_WT_3_GT23-14421_GATTCTGC-CTCTCGTC_S27_L002",0.452503062398023,23.990389162035,24.442892224433,"RNAseq4","OVOL1_WT_3_GT23-14421_GATTCTGC-CTCTCGTC_S27_L002_R1_001.fastq.gz","KOLF2.2 derived primitive syncytium ","KOLF2.2J","20%","WT","6","Extra-embryonic primitive syncytial cells","20231214_23-robson-016"
"PPARG_R_WT_1_GT24-02466_AACGTTCC-AGTACTCC_S4_L001",7.57582506364686,9.59928464929976,17.1751097129466,"RNASeq7","PPARG_R_WT_1_GT24-02466_AACGTTCC-AGTACTCC_S4_L001_R1_001.fastq.gz","KOLF2.2J derived primitive syncytium ","KOLF2.2J","20%","WT","6","Extra-embryonic primitive syncytial cells","20240508_24-robson-017"
"PPARG_R_WT_2_GT24-02467_GCAGAATT-TGGCCGGT_S15_L001",7.09131981897614,9.28437836072413,16.3756981797003,"RNASeq7","PPARG_R_WT_2_GT24-02467_GCAGAATT-TGGCCGGT_S15_L001_R1_001.fastq.gz","KOLF2.2J derived primitive syncytium ","KOLF2.2J","20%","WT","6","Extra-embryonic primitive syncytial cells","20240508_24-robson-017"
"PPARG_R_WT_3_GT24-02468_ATGAGGCC-CAATTAAC_S21_L001",6.76724853707078,10.3228062233736,17.0900547604444,"RNASeq7","PPARG_R_WT_3_GT24-02468_ATGAGGCC-CAATTAAC_S21_L001_R1_001.fastq.gz","KOLF2.2J derived primitive syncytium ","KOLF2.2J","20%","WT","6","Extra-embryonic primitive syncytial cells","20240508_24-robson-017"
"PPARG_WT_1_GT23-11445_TCGTAGTG-CCAAGTCT_S43_L002",3.04643742390292,17.0409900161503,20.0874274400532,"Dec2023","PPARG_WT_1_GT23-11445_TCGTAGTG-CCAAGTCT_S43_L002_R1_001.fastq.gz","KOLF2.2 derived primitive syncytium ","KOLF2.2J","20%","WT","6","extra-embryonic primitive syncytial cells","20230918_23-robson-010"
"PPARG_WT_2_GT23-11446_CTACGACA-TTGGACTC_S42_L002",3.71015997508456,16.5405478911667,20.2507078662512,"Dec2023","PPARG_WT_2_GT23-11446_CTACGACA-TTGGACTC_S42_L002_R1_001.fastq.gz","KOLF2.2 derived primitive syncytium ","KOLF2.2J","20%","WT","6","extra-embryonic primitive syncytial cells","20230918_23-robson-010"
"PPARG_WT_3_GT23-11447_TAAGTGGT-GGCTTAAG_S55_L002",2.2957084950448,18.3362304862107,20.6319389812555,"Dec2023","PPARG_WT_3_GT23-11447_TAAGTGGT-GGCTTAAG_S55_L002_R1_001.fastq.gz","KOLF2.2 derived primitive syncytium ","KOLF2.2J","20%","WT","6","extra-embryonic primitive syncytial cells","20230918_23-robson-010"
"RUNX1_WT1_GT23-13719_CCAAGTCT-TCATCCTT_S170_L003",1.08743799221699,25.4323890732907,26.5198270655077,"May2024","RUNX1_WT1_GT23-13719_CCAAGTCT-TCATCCTT_S170_L003_R1_001.fastq.gz","KOLF2.2 derived primitive syncytium ","KOLF2.2J","20%","WT","6","extra-embryonic primitive syncytial cells","20231124_23-robson-013"
"RUNX1_WT2_GT23-13720_TTGGACTC-CTGCTTCC_S157_L003",0.635654583501981,27.7494740437734,28.3851286272754,"May2024","RUNX1_WT2_GT23-13720_TTGGACTC-CTGCTTCC_S157_L003_R1_001.fastq.gz","KOLF2.2 derived primitive syncytium ","KOLF2.2J","20%","WT","6","extra-embryonic primitive syncytial cells","20231124_23-robson-013"
"RUNX1_WT3_GT23-13721_GGCTTAAG-GGTCACGA_S174_L003",0.912194733379706,26.4662133687602,27.3784081021399,"May2024","RUNX1_WT3_GT23-13721_GGCTTAAG-GGTCACGA_S174_L003_R1_001.fastq.gz","KOLF2.2 derived primitive syncytium ","KOLF2.2J","20%","WT","6","extra-embryonic primitive syncytial cells","20231124_23-robson-013"
"WT_1__Normoxia_GT23-11288_CCGCGGTT-CTAGCGCT_S39_L001",4.13318174129332,20.2384825357073,24.3716642770006,"Dec2023","WT_1__Normoxia_GT23-11288_CCGCGGTT-CTAGCGCT_S39_L001_R1_001.fastq.gz","KOLF2.2 derived primitive syncytium in normoxia","KOLF2.2J","20%","WT","6","extra-embryonic primitive syncytial cells","20230918_23-robson-008"
"WT_2__Normoxia_GT23-11289_TTATAACC-TCGATATC_S27_L001",6.32506031071625,20.9948084805157,27.3198687912319,"Dec2023","WT_2__Normoxia_GT23-11289_TTATAACC-TCGATATC_S27_L001_R1_001.fastq.gz","KOLF2.2 derived primitive syncytium in normoxia","KOLF2.2J","20%","WT","6","extra-embryonic primitive syncytial cells","20230918_23-robson-008"
"WT_3__Normoxia_GT23-11290_GGACTTGG-CGTCTGCG_S36_L001",3.39567143173869,17.7271182993764,21.122789731115,"Dec2023","WT_3__Normoxia_GT23-11290_GGACTTGG-CGTCTGCG_S36_L001_R1_001.fastq.gz","KOLF2.2 derived primitive syncytium in normoxia","KOLF2.2J","20%","WT","6","extra-embryonic primitive syncytial cells","20230918_23-robson-008"
"WT_PITX1_LMO2_ZBTB7C_1_GT23-14992_GTTCCAAT-GCAGAATT_S41_L001",3.16872702597501,27.7518073949555,30.9205344209305,"RNAseq4","WT_PITX1_LMO2_ZBTB7C_1_GT23-14992_GTTCCAAT-GCAGAATT_S41_L001_R1_001.fastq.gz","KOLF2.2 derived primitive syncytium ","KOLF2.2J","20%","WT","6","Extra-embryonic primitive syncytial cells","20231226_23-robson-018"
"WT_PITX1_LMO2_ZBTB7C_2_GT23-14993_ACCTTGGC-ATGAGGCC_S36_L001",3.80103942650451,27.6179136828873,31.4189531093918,"RNAseq4","WT_PITX1_LMO2_ZBTB7C_2_GT23-14993_ACCTTGGC-ATGAGGCC_S36_L001_R1_001.fastq.gz","KOLF2.2 derived primitive syncytium ","KOLF2.2J","20%","WT","6","Extra-embryonic primitive syncytial cells","20231226_23-robson-018"
"WT_PITX1_LMO2_ZBTB7C_3_GT23-14994_ATATCTCG-ACTAAGAT_S45_L001",3.78399142013637,27.8895229601716,31.673514380308,"RNAseq4","WT_PITX1_LMO2_ZBTB7C_3_GT23-14994_ATATCTCG-ACTAAGAT_S45_L001_R1_001.fastq.gz","KOLF2.2 derived primitive syncytium ","KOLF2.2J","20%","WT","6","Extra-embryonic primitive syncytial cells","20231226_23-robson-018"
"PTC_A09__Normoxia_GT23-11297_GACCTGAA-CTCACCAA_S16_L001",1.20061396284545,26.207294043625,27.4079080064705,"Dec2023","PTC_A09__Normoxia_GT23-11297_GACCTGAA-CTCACCAA_S16_L001_R1_001.fastq.gz","KOLF2.2 deleted EPAS1 by insertion of premature termination codon (PTC) derived primitive syncytium in normoxia","KOLF2.2J","20%","EPAS1","6","extra-embryonic primitive syncytial cells","20230918_23-robson-008"
"PTC_D10__Normoxia_GT23-11298_TCTCTACT-GAACCGCG_S32_L001",0.686628354693853,27.6210782311717,28.3077065858656,"Dec2023","PTC_D10__Normoxia_GT23-11298_TCTCTACT-GAACCGCG_S32_L001_R1_001.fastq.gz","KOLF2.2 deleted EPAS1 by insertion of premature termination codon (PTC) derived primitive syncytium in normoxia","KOLF2.2J","20%","EPAS1","6","extra-embryonic primitive syncytial cells","20230918_23-robson-008"
"PTC_G09__Normoxia_GT23-11299_CTCTCGTC-AGGTTATA_S23_L001",0.831224574978058,26.8726603816826,27.7038849566606,"Dec2023","PTC_G09__Normoxia_GT23-11299_CTCTCGTC-AGGTTATA_S23_L001_R1_001.fastq.gz","KOLF2.2 deleted EPAS1 by insertion of premature termination codon (PTC) derived primitive syncytium in normoxia","KOLF2.2J","20%","EPAS1","6","extra-embryonic primitive syncytial cells","20230918_23-robson-008"
"EPAS1_R_WT1_H_GT24-02291_GATCTATC-AGCCTCAT_S197_L005",8.82940483941742,2.87915023586088,11.7085550752783,"RNASeq7","EPAS1_R_WT1_H_GT24-02291_GATCTATC-AGCCTCAT_S197_L005_R1_001.fastq.gz","KOLF2.2J derived primitive syncytium in hypoxia","KOLF2.2J","3%","WT","6","Extra-embryonic primitive syncytial cells","20240429_24-robson-014"
"EPAS1_R_WT2_H_GT24-02293_CGGAACTG-TCGTAGTG_S189_L005",8.66372621303757,2.56020951956128,11.2239357325988,"RNASeq7","EPAS1_R_WT2_H_GT24-02293_CGGAACTG-TCGTAGTG_S189_L005_R1_001.fastq.gz","KOLF2.2J derived primitive syncytium in hypoxia","KOLF2.2J","3%","WT","6","Extra-embryonic primitive syncytial cells","20240429_24-robson-014"
"EPAS1_R_WT3_H_GT24-02295_TTGCCTAG-TAAGTGGT_S185_L005",8.23283526656733,3.09031678526361,11.3231520518309,"RNASeq7","EPAS1_R_WT3_H_GT24-02295_TTGCCTAG-TAAGTGGT_S185_L005_R1_001.fastq.gz","KOLF2.2J derived primitive syncytium in hypoxia","KOLF2.2J","3%","WT","6","Extra-embryonic primitive syncytial cells","20240429_24-robson-014"
"WT_1__Hypoxia_GT23-11300_CCAAGTCT-TCATCCTT_S29_L001",14.5798448926451,3.84428873631146,18.4241336289565,"Dec2023","WT_1__Hypoxia_GT23-11300_CCAAGTCT-TCATCCTT_S29_L001_R1_001.fastq.gz","KOLF2.2 derived primitive syncytium in hypoxia","KOLF2.2J","3%","WT","6","extra-embryonic primitive syncytial cells","20230918_23-robson-008"
"WT_2__Hypoxia_GT23-11301_TTGGACTC-CTGCTTCC_S37_L001",18.3843554654706,4.19971375039623,22.5840692158668,"Dec2023","WT_2__Hypoxia_GT23-11301_TTGGACTC-CTGCTTCC_S37_L001_R1_001.fastq.gz","KOLF2.2 derived primitive syncytium in hypoxia","KOLF2.2J","3%","WT","6","extra-embryonic primitive syncytial cells","20230918_23-robson-008"
"WT_3__Hypoxia_GT23-11302_CAGTAGGC-ATTCGTCA_S34_L001",10.3883985931672,6.3687311166664,16.7571297098336,"Dec2023","WT_3__Hypoxia_GT23-11302_CAGTAGGC-ATTCGTCA_S34_L001_R1_001.fastq.gz","KOLF2.2 derived primitive syncytium in hypoxia","KOLF2.2J","3%","WT","6","extra-embryonic primitive syncytial cells","20230918_23-robson-008"
"PTC_A09__Hypoxia_GT23-11309_AACGTTCC-AGTACTCC_S30_L001",3.47521635725846,20.6708618087994,24.1460781660579,"Dec2023","PTC_A09__Hypoxia_GT23-11309_AACGTTCC-AGTACTCC_S30_L001_R1_001.fastq.gz","KOLF2.2 deleted EPAS1 by insertion of premature termination codon (PTC) derived primitive syncytium in hypoxia","KOLF2.2J","3%","EPAS1","6","extra-embryonic primitive syncytial cells","20230918_23-robson-008"
"PTC_D10__Hypoxia_GT23-11310_GCAGAATT-TGGCCGGT_S22_L001",5.87965039813138,16.0733998166605,21.9530502147919,"Dec2023","PTC_D10__Hypoxia_GT23-11310_GCAGAATT-TGGCCGGT_S22_L001_R1_001.fastq.gz","KOLF2.2 deleted EPAS1 by insertion of premature termination codon (PTC) derived primitive syncytium in hypoxia","KOLF2.2J","3%","EPAS1","6","extra-embryonic primitive syncytial cells","20230918_23-robson-008"
"PTC_G09__Hypoxia_GT23-11311_ATGAGGCC-CAATTAAC_S28_L001",3.36853879928331,19.9856796441261,23.3542184434095,"Dec2023","PTC_G09__Hypoxia_GT23-11311_ATGAGGCC-CAATTAAC_S28_L001_R1_001.fastq.gz","KOLF2.2 deleted EPAS1 by insertion of premature termination codon (PTC) derived primitive syncytium in hypoxia","KOLF2.2J","3%","EPAS1","6","extra-embryonic primitive syncytial cells","20230918_23-robson-008"
