"Mixture","EXM","Prim","CTB","Absolute.score..sig.score.","dataset","FILE.NAME.(Required)","description","genetic.background","oxygen","condition","cell.type","time.point","model.system","batch"
"BMLHE40_WT_1_GT24-00872_GTGTCGGA-GCGCAAGC_S193_L007",1.46603438875294,10.2224427834657,5.49674275289904,17.1852199251177,"May2024","BMLHE40_WT_1_GT24-00872_GTGTCGGA-GCGCAAGC_S193_L007_R1_001.fastq.gz","KOLF2.2 derived primitive syncytium ","KOLF2.2J","20%","WT","PrS","6","extra-embryonic primitive syncytial cells","20240307_24-robson-002"
"BMLHE40_WT_2_GT24-00873_TTCCTGTT-AAGATACT_S191_L007",1.67744153979499,9.17640853878758,5.56879878129184,16.4226488598744,"May2024","BMLHE40_WT_2_GT24-00873_TTCCTGTT-AAGATACT_S191_L007_R1_001.fastq.gz","KOLF2.2 derived primitive syncytium ","KOLF2.2J","20%","WT","PrS","6","extra-embryonic primitive syncytial cells","20240307_24-robson-002"
"BMLHE40_WT_3_GT24-00874_CCTTCACC-GGAGCGTC_S188_L007",1.33317650617603,10.1513318469799,5.47641057424779,16.9609189274038,"May2024","BMLHE40_WT_3_GT24-00874_CCTTCACC-GGAGCGTC_S188_L007_R1_001.fastq.gz","KOLF2.2 derived primitive syncytium ","KOLF2.2J","20%","WT","PrS","6","extra-embryonic primitive syncytial cells","20240307_24-robson-002"
"DLX4_5_6_WT_1_GT24-03496_GATCTATC-AGCCTCAT_S18_L001",1.35526235442948,7.89166891554827,5.17892345087227,14.42585472085,"RNASeq5","DLX4_5_6_WT_1_GT24-03496_GATCTATC-AGCCTCAT_S18_L001_R1_001.fastq.gz","KOLF2.2 derived primitive syncytium ","KOLF2.2J","20%","WT","PrS","6","Extra-embryonic primitive syncytial cells","20240617_24-robson-018"
"DLX4_5_6_WT_2_GT24-03497_AGCTCGCT-GATTCTGC_S7_L001",0.88531649882871,9.52862647750295,4.85566679080725,15.2696097671389,"RNASeq5","DLX4_5_6_WT_2_GT24-03497_AGCTCGCT-GATTCTGC_S7_L001_R1_001.fastq.gz","KOLF2.2 derived primitive syncytium ","KOLF2.2J","20%","WT","PrS","6","Extra-embryonic primitive syncytial cells","20240617_24-robson-018"
"DLX4_5_6_WT_3_GT24-03498_CGGAACTG-TCGTAGTG_S14_L001",1.10706898032919,8.73304998681271,5.04305270659148,14.8831716737334,"RNASeq5","DLX4_5_6_WT_3_GT24-03498_CGGAACTG-TCGTAGTG_S14_L001_R1_001.fastq.gz","KOLF2.2 derived primitive syncytium ","KOLF2.2J","20%","WT","PrS","6","Extra-embryonic primitive syncytial cells","20240617_24-robson-018"
"EPAS1_R_WT1_N_GT24-02290_CATAATAC-CGTTAGAA_S190_L005",0.836026020032828,9.24547254349482,3.72946686838177,13.8109654319094,"RNASeq7","EPAS1_R_WT1_N_GT24-02290_CATAATAC-CGTTAGAA_S190_L005_R1_001.fastq.gz","KOLF2.2J derived primitive syncytium in normoxia","KOLF2.2J","20%","WT","PrS","6","Extra-embryonic primitive syncytial cells","20240429_24-robson-014"
"EPAS1_R_WT2_N_GT24-02292_AGCTCGCT-GATTCTGC_S184_L005",0.997056906651621,8.18910103127745,3.97039113364154,13.1565490715706,"RNASeq7","EPAS1_R_WT2_N_GT24-02292_AGCTCGCT-GATTCTGC_S184_L005_R1_001.fastq.gz","KOLF2.2J derived primitive syncytium in normoxia","KOLF2.2J","20%","WT","PrS","6","Extra-embryonic primitive syncytial cells","20240429_24-robson-014"
"EPAS1_R_WT3_N_GT24-02294_TAAGGTCA-CTACGACA_S191_L005",0.860440543738823,9.23913024691821,3.64912552734506,13.7486963180021,"RNASeq7","EPAS1_R_WT3_N_GT24-02294_TAAGGTCA-CTACGACA_S191_L005_R1_001.fastq.gz","KOLF2.2J derived primitive syncytium in normoxia","KOLF2.2J","20%","WT","PrS","6","Extra-embryonic primitive syncytial cells","20240429_24-robson-014"
"GCM1_GHRL1_WT_1_GT24-02287_GTTCGCCG-CAATGAGC_S186_L005",1.77493075907408,7.41405738432847,3.60362394883773,12.7926120922403,"RNASeq7","GCM1_GHRL1_WT_1_GT24-02287_GTTCGCCG-CAATGAGC_S186_L005_R1_001.fastq.gz","KOLF2.2J derived primitive syncytium ","KOLF2.2J","20%","WT","PrS","6","Extra-embryonic primitive syncytial cells","20240429_24-robson-014"
"GCM1_GHRL1_WT_2_GT24-02288_CACGAGCG-TGGCAGAT_S204_L005",1.41244765541927,8.39678631733686,3.34808262213841,13.1573165948945,"RNASeq7","GCM1_GHRL1_WT_2_GT24-02288_CACGAGCG-TGGCAGAT_S204_L005_R1_001.fastq.gz","KOLF2.2J derived primitive syncytium ","KOLF2.2J","20%","WT","PrS","6","Extra-embryonic primitive syncytial cells","20240429_24-robson-014"
"GCM1_GHRL1_WT_3_GT24-02289_TGCGGCGT-TACCGAGG_S199_L005",1.60755897056753,6.76595251399691,4.16844164382105,12.5419531283855,"RNASeq7","GCM1_GHRL1_WT_3_GT24-02289_TGCGGCGT-TACCGAGG_S199_L005_R1_001.fastq.gz","KOLF2.2J derived primitive syncytium ","KOLF2.2J","20%","WT","PrS","6","Extra-embryonic primitive syncytial cells","20240429_24-robson-014"
"GCM1_WT_1_GT23-11433_ACTAAGAT-CCGCGGTT_S57_L002",0.76580777025349,13.7599637272942,1.71778944451387,16.2435609420616,"Dec2023","GCM1_WT_1_GT23-11433_ACTAAGAT-CCGCGGTT_S57_L002_R1_001.fastq.gz","KOLF2.2 derived primitive syncytium ","KOLF2.2J","20%","WT","PrS","6","extra-embryonic primitive syncytial cells","20230918_23-robson-009"
"GCM1_WT_2_GT23-11434_GTCGGAGC-TTATAACC_S46_L002",2.42399702358897,8.96933479322461,2.06412306705353,13.4574548838671,"Dec2023","GCM1_WT_2_GT23-11434_GTCGGAGC-TTATAACC_S46_L002_R1_001.fastq.gz","KOLF2.2 derived primitive syncytium ","KOLF2.2J","20%","WT","PrS","6","extra-embryonic primitive syncytial cells","20230918_23-robson-009"
"GCM1_WT_3_GT23-11435_CTTGGTAT-GGACTTGG_S41_L002",1.61313467904282,10.9228726782342,1.93515787107616,14.4711652283532,"Dec2023","GCM1_WT_3_GT23-11435_CTTGGTAT-GGACTTGG_S41_L002_R1_001.fastq.gz","KOLF2.2 derived primitive syncytium ","KOLF2.2J","20%","WT","PrS","6","extra-embryonic primitive syncytial cells","20230918_23-robson-009"
"HEY1_HOPX_MAFF_WT_1_GT24-03520_CTGCTTCC-GATCTATC_S34_L001",2.37738096806116,8.04108417302968,4.44085646058333,14.8593216016742,"RNASeq5","HEY1_HOPX_MAFF_WT_1_GT24-03520_CTGCTTCC-GATCTATC_S34_L001_R1_001.fastq.gz","KOLF2.2 derived primitive syncytium ","KOLF2.2J","20%","WT","PrS","6","Extra-embryonic primitive syncytial cells","20240617_24-robson-018"
"HEY1_HOPX_MAFF_WT_2_GT24-03521_TCATCCTT-AGCTCGCT_S16_L001",3.06066309575574,8.0727144484896,4.08636503290932,15.2197425771547,"RNASeq5","HEY1_HOPX_MAFF_WT_2_GT24-03521_TCATCCTT-AGCTCGCT_S16_L001_R1_001.fastq.gz","KOLF2.2 derived primitive syncytium ","KOLF2.2J","20%","WT","PrS","6","Extra-embryonic primitive syncytial cells","20240617_24-robson-018"
"HEY1_HOPX_MAFF_WT_3_GT24-03522_AGGTTATA-CGGAACTG_S12_L001",2.80130942714966,7.70622166709906,4.28342644801123,14.7909575422599,"RNASeq5","HEY1_HOPX_MAFF_WT_3_GT24-03522_AGGTTATA-CGGAACTG_S12_L001_R1_001.fastq.gz","KOLF2.2 derived primitive syncytium ","KOLF2.2J","20%","WT","PrS","6","Extra-embryonic primitive syncytial cells","20240617_24-robson-018"
"ISL1_WT_1_GT23-12144_ATATCTCG-ACTAAGAT_S33_L001",13.0720850999393,0.220514878822058,7.11732822099566,20.409928199757,"Dec2023","ISL1_WT_1_GT23-12144_ATATCTCG-ACTAAGAT_S33_L001_R1_001.fastq.gz","KOLF2.2 derived extra-embryonic mesenchyme","KOLF2.2J","20%","WT","ExM","6","extra-embryonic mesenchymal cells","20231004_23-robson-011"
"ISL1_WT_2_GT23-12145_GCGCTCTA-GTCGGAGC_S29_L001",13.1321358961789,0,7.10485115046276,20.2369870466417,"Dec2023","ISL1_WT_2_GT23-12145_GCGCTCTA-GTCGGAGC_S29_L001_R1_001.fastq.gz","KOLF2.2 derived extra-embryonic mesenchyme","KOLF2.2J","20%","WT","ExM","6","extra-embryonic mesenchymal cells","20231004_23-robson-011"
"ISL1_WT_3_GT23-12146_AACAGGTT-CTTGGTAT_S23_L001",13.1499315525168,0.184132140338974,7.11532176638547,20.4493854592412,"Dec2023","ISL1_WT_3_GT23-12146_AACAGGTT-CTTGGTAT_S23_L001_R1_001.fastq.gz","KOLF2.2 derived extra-embryonic mesenchyme","KOLF2.2J","20%","WT","ExM","6","extra-embryonic mesenchymal cells","20231004_23-robson-011"
"KOLF2_FOSB_1_GT23-10493_GACCTGAA-CTCACCAA_S32_L001",0.237847746562165,14.5289400416818,3.15185125406763,17.9186390423116,"Dec2023","KOLF2_FOSB_1_GT23-10493_GACCTGAA-CTCACCAA_S32_L001_R1_001.fastq.gz","KOLF2.2 derived primitive syncytium ","KOLF2.2J","20%","WT","PrS","6","extra-embryonic primitive syncytial cells","20230809_23-robson-005-run2"
"KOLF2_GHRL1_2_GT23-10492_TTACAGGA-GCTTGTCA_S6_L001",0,13.4150569172793,3.66921210457788,17.0842690218572,"Dec2023","KOLF2_GHRL1_2_GT23-10492_TTACAGGA-GCTTGTCA_S6_L001_R1_001.fastq.gz","KOLF2.2 derived primitive syncytium ","KOLF2.2J","20%","WT","PrS","6","extra-embryonic primitive syncytial cells","20230809_23-robson-005-run2"
"MBLN2_3_TWIST2_WT_1_GT24-03508_ACTCGTGT-GTTCCAAT_S17_L001",3.19499085506936,5.53383309715978,4.58929073011896,13.3181146823481,"RNASeq5","MBLN2_3_TWIST2_WT_1_GT24-03508_ACTCGTGT-GTTCCAAT_S17_L001_R1_001.fastq.gz","KOLF2.2 derived primitive syncytium ","KOLF2.2J","20%","WT","PrS","6","Extra-embryonic primitive syncytial cells","20240617_24-robson-018"
"MBLN2_3_TWIST2_WT_2_GT24-03509_GTCTACAC-ACCTTGGC_S21_L001",2.44454615995335,6.68053876281292,4.95733775101653,14.0824226737828,"RNASeq5","MBLN2_3_TWIST2_WT_2_GT24-03509_GTCTACAC-ACCTTGGC_S21_L001_R1_001.fastq.gz","KOLF2.2 derived primitive syncytium ","KOLF2.2J","20%","WT","PrS","6","Extra-embryonic primitive syncytial cells","20240617_24-robson-018"
"MBLN2_3_TWIST2_WT_3_GT24-03510_CAATTAAC-ATATCTCG_S19_L001",3.34691321506252,4.65560583401939,4.7535886538587,12.7561077029406,"RNASeq5","MBLN2_3_TWIST2_WT_3_GT24-03510_CAATTAAC-ATATCTCG_S19_L001_R1_001.fastq.gz","KOLF2.2 derived primitive syncytium ","KOLF2.2J","20%","WT","PrS","6","Extra-embryonic primitive syncytial cells","20240617_24-robson-018"
"MDX1_KOLF2_1_GT23-10876_GGCATTCT-CAAGCTAG_S8_L001",1.04819475464672,12.8962926295445,5.51333796892984,19.457825353121,"May2024","MDX1_KOLF2_1_GT23-10876_GGCATTCT-CAAGCTAG_S8_L001_R1_001.fastq.gz","KOLF2.2 derived primitive syncytium ","KOLF2.2J","20%","WT","PrS","6","extra-embryonic primitive syncytial cells","20230809_23-robson-007-run2"
"MDX1_KOLF2_2_GT23-10877_AATGCCTC-TGGATCGA_S3_L001",2.682267380553,12.4771536641575,4.67149307102163,19.8309141157321,"May2024","MDX1_KOLF2_2_GT23-10877_AATGCCTC-TGGATCGA_S3_L001_R1_001.fastq.gz","KOLF2.2 derived primitive syncytium ","KOLF2.2J","20%","WT","PrS","6","extra-embryonic primitive syncytial cells","20230809_23-robson-007-run2"
"MDX1_KOLF2_3_GT23-10878_TACCGAGG-AGTTCAGG_S13_L001",2.67985281397413,13.0668170836184,4.12973368403235,19.8764035816248,"May2024","MDX1_KOLF2_3_GT23-10878_TACCGAGG-AGTTCAGG_S13_L001_R1_001.fastq.gz","KOLF2.2 derived primitive syncytium ","KOLF2.2J","20%","WT","PrS","6","extra-embryonic primitive syncytial cells","20230809_23-robson-007-run2"
"MEF2C_WT1_GT23-13707_CCGCGGTT-CTAGCGCT_S165_L003",17.9668226476163,1.50586486816193,4.37168855272967,23.8443760685079,"May2024","MEF2C_WT1_GT23-13707_CCGCGGTT-CTAGCGCT_S165_L003_R1_001.fastq.gz","KOLF2.2 derived extra-embryonic mesenchyme","KOLF2.2J","20%","WT","ExM","6","extra-embryonic mesenchymal cells","20231124_23-robson-013"
"MEF2C_WT2_GT23-13708_TTATAACC-TCGATATC_S162_L003",13.0415558227099,3.60646900731523,5.59868231720859,22.2467071472337,"May2024","MEF2C_WT2_GT23-13708_TTATAACC-TCGATATC_S162_L003_R1_001.fastq.gz","KOLF2.2 derived extra-embryonic mesenchyme","KOLF2.2J","20%","WT","ExM","6","extra-embryonic mesenchymal cells","20231124_23-robson-013"
"MEF2C_WT3_GT23-13709_GGACTTGG-CGTCTGCG_S166_L003",15.9943588540085,3.0253122923884,4.06198330041907,23.0816544468159,"May2024","MEF2C_WT3_GT23-13709_GGACTTGG-CGTCTGCG_S166_L003_R1_001.fastq.gz","KOLF2.2 derived extra-embryonic mesenchyme","KOLF2.2J","20%","WT","ExM","6","extra-embryonic mesenchymal cells","20231124_23-robson-013"
"MEIS1_WT_1__GT23-12156_CGGAACTG-TCGTAGTG_S62_L002",9.73492853007904,3.91033912158664,5.60298767884356,19.2482553305092,"May2024","MEIS1_WT_1__GT23-12156_CGGAACTG-TCGTAGTG_S62_L002_R1_001.fastq.gz","KOLF2.2 derived extra-embryonic mesenchyme","KOLF2.2J","20%","WT","ExM","6","extra-embryonic mesenchymal cells","20231004_23-robson-011"
"MEIS1_WT_2_GT23-12157_TAAGGTCA-CTACGACA_S9_L001",13.0107008790516,1.41112253669066,5.77782516197852,20.1996485777208,"May2024","MEIS1_WT_2_GT23-12157_TAAGGTCA-CTACGACA_S9_L001_R1_001.fastq.gz","KOLF2.2 derived extra-embryonic mesenchyme","KOLF2.2J","20%","WT","ExM","6","extra-embryonic mesenchymal cells","20231004_23-robson-011"
"MEIS1_WT_3_GT23-12158_TTGCCTAG-TAAGTGGT_S22_L001",12.8402132792482,0.484727383038364,6.33699967443745,19.661940336724,"May2024","MEIS1_WT_3_GT23-12158_TTGCCTAG-TAAGTGGT_S22_L001_R1_001.fastq.gz","KOLF2.2 derived extra-embryonic mesenchyme","KOLF2.2J","20%","WT","ExM","6","extra-embryonic mesenchymal cells","20231004_23-robson-011"
"MEIS2_WT_1_GT23-12168_CAATTAAC-ATATCTCG_S18_L001",13.2162189313073,0.00931501529394192,7.4349458798819,20.6604798264831,"May2024","MEIS2_WT_1_GT23-12168_CAATTAAC-ATATCTCG_S18_L001_R1_001.fastq.gz","KOLF2.2 derived extra-embryonic mesenchyme","KOLF2.2J","20%","WT","ExM","6","extra-embryonic mesenchymal cells","20231004_23-robson-011"
"MEIS2_WT_2_GT23-12169_TGGCCGGT-GCGCTCTA_S6_L001",12.9278266620615,0.259127828953404,7.20067241060597,20.3876269016209,"May2024","MEIS2_WT_2_GT23-12169_TGGCCGGT-GCGCTCTA_S6_L001_R1_001.fastq.gz","KOLF2.2 derived extra-embryonic mesenchyme","KOLF2.2J","20%","WT","ExM","6","extra-embryonic mesenchymal cells","20231004_23-robson-011"
"MEIS2_WT_3_GT23-12170_AGTACTCC-AACAGGTT_S13_L001",13.2850999979784,0,7.45865743647733,20.7437574344557,"May2024","MEIS2_WT_3_GT23-12170_AGTACTCC-AACAGGTT_S13_L001_R1_001.fastq.gz","KOLF2.2 derived extra-embryonic mesenchyme","KOLF2.2J","20%","WT","ExM","6","extra-embryonic mesenchymal cells","20231004_23-robson-011"
"NC0A3_WT_1_GT24-01175_AACGTTCC-AGTACTCC_S144_L005",1.53978718692256,13.7113626689803,4.14250646179415,19.3936563176971,"May2024","NC0A3_WT_1_GT24-01175_AACGTTCC-AGTACTCC_S144_L005_R1_001.fastq.gz","KOLF2.2 derived primitive syncytium ","KOLF2.2J","20%","WT","PrS","6","extra-embryonic primitive syncytial cells","20240307_24-robson-005"
"NC0A3_WT_2_GT24-01176_GCAGAATT-TGGCCGGT_S146_L005",1.36309641184378,13.3644059216678,3.87783714510268,18.6053394786143,"May2024","NC0A3_WT_2_GT24-01176_GCAGAATT-TGGCCGGT_S146_L005_R1_001.fastq.gz","KOLF2.2 derived primitive syncytium ","KOLF2.2J","20%","WT","PrS","6","extra-embryonic primitive syncytial cells","20240307_24-robson-005"
"NC0A3_WT_3_GT24-01177_ATGAGGCC-CAATTAAC_S131_L005",2.0081058734321,11.8795133132146,4.04813451790113,17.9357537045478,"May2024","NC0A3_WT_3_GT24-01177_ATGAGGCC-CAATTAAC_S131_L005_R1_001.fastq.gz","KOLF2.2 derived primitive syncytium ","KOLF2.2J","20%","WT","PrS","6","extra-embryonic primitive syncytial cells","20240307_24-robson-005"
"OVOL1_WT_1_GT23-14419_CGTTAGAA-GACCTGAA_S14_L002",1.01387468481706,13.4806441974796,4.55661514072367,19.0511340230203,"RNAseq4","OVOL1_WT_1_GT23-14419_CGTTAGAA-GACCTGAA_S14_L002_R1_001.fastq.gz","KOLF2.2 derived primitive syncytium ","KOLF2.2J","20%","WT","PrS","6","Extra-embryonic primitive syncytial cells","20231214_23-robson-016"
"OVOL1_WT_2_GT23-14420_AGCCTCAT-TCTCTACT_S19_L002",1.09479451812252,13.3479141551564,4.61562101641082,19.0583296896897,"RNAseq4","OVOL1_WT_2_GT23-14420_AGCCTCAT-TCTCTACT_S19_L002_R1_001.fastq.gz","KOLF2.2 derived primitive syncytium ","KOLF2.2J","20%","WT","PrS","6","Extra-embryonic primitive syncytial cells","20231214_23-robson-016"
"OVOL1_WT_3_GT23-14421_GATTCTGC-CTCTCGTC_S27_L002",0.758340402771469,14.8384625157124,4.18843041774994,19.7852333362338,"RNAseq4","OVOL1_WT_3_GT23-14421_GATTCTGC-CTCTCGTC_S27_L002_R1_001.fastq.gz","KOLF2.2 derived primitive syncytium ","KOLF2.2J","20%","WT","PrS","6","Extra-embryonic primitive syncytial cells","20231214_23-robson-016"
"PPARG_R_WT_1_GT24-02466_AACGTTCC-AGTACTCC_S4_L001",4.08718691220449,5.52251103162756,5.9061364802323,15.5158344240643,"RNASeq7","PPARG_R_WT_1_GT24-02466_AACGTTCC-AGTACTCC_S4_L001_R1_001.fastq.gz","KOLF2.2J derived primitive syncytium ","KOLF2.2J","20%","WT","PrS","6","Extra-embryonic primitive syncytial cells","20240508_24-robson-017"
"PPARG_R_WT_2_GT24-02467_GCAGAATT-TGGCCGGT_S15_L001",3.85483289378093,5.05717631281557,6.1534941884397,15.0655033950362,"RNASeq7","PPARG_R_WT_2_GT24-02467_GCAGAATT-TGGCCGGT_S15_L001_R1_001.fastq.gz","KOLF2.2J derived primitive syncytium ","KOLF2.2J","20%","WT","PrS","6","Extra-embryonic primitive syncytial cells","20240508_24-robson-017"
"PPARG_R_WT_3_GT24-02468_ATGAGGCC-CAATTAAC_S21_L001",3.54640665410135,5.77348186702959,6.16487810050016,15.4847666216311,"RNASeq7","PPARG_R_WT_3_GT24-02468_ATGAGGCC-CAATTAAC_S21_L001_R1_001.fastq.gz","KOLF2.2J derived primitive syncytium ","KOLF2.2J","20%","WT","PrS","6","Extra-embryonic primitive syncytial cells","20240508_24-robson-017"
"PPARG_WT_1_GT23-11445_TCGTAGTG-CCAAGTCT_S43_L002",2.04698072120891,10.269217676031,3.7140789629813,16.0302773602212,"Dec2023","PPARG_WT_1_GT23-11445_TCGTAGTG-CCAAGTCT_S43_L002_R1_001.fastq.gz","KOLF2.2 derived primitive syncytium ","KOLF2.2J","20%","WT","PrS","6","extra-embryonic primitive syncytial cells","20230918_23-robson-010"
"PPARG_WT_2_GT23-11446_CTACGACA-TTGGACTC_S42_L002",2.53235984290339,9.9085673093582,3.70781536477512,16.1487425170367,"Dec2023","PPARG_WT_2_GT23-11446_CTACGACA-TTGGACTC_S42_L002_R1_001.fastq.gz","KOLF2.2 derived primitive syncytium ","KOLF2.2J","20%","WT","PrS","6","extra-embryonic primitive syncytial cells","20230918_23-robson-010"
"PPARG_WT_3_GT23-11447_TAAGTGGT-GGCTTAAG_S55_L002",1.44371883190373,11.0687650620707,3.89434218832313,16.4068260822976,"Dec2023","PPARG_WT_3_GT23-11447_TAAGTGGT-GGCTTAAG_S55_L002_R1_001.fastq.gz","KOLF2.2 derived primitive syncytium ","KOLF2.2J","20%","WT","PrS","6","extra-embryonic primitive syncytial cells","20230918_23-robson-010"
"RUNX1_WT1_GT23-13719_CCAAGTCT-TCATCCTT_S170_L003",0.291876134969469,13.6089842581272,6.76418171028063,20.6650421033773,"May2024","RUNX1_WT1_GT23-13719_CCAAGTCT-TCATCCTT_S170_L003_R1_001.fastq.gz","KOLF2.2 derived primitive syncytium ","KOLF2.2J","20%","WT","PrS","6","extra-embryonic primitive syncytial cells","20231124_23-robson-013"
"RUNX1_WT2_GT23-13720_TTGGACTC-CTGCTTCC_S157_L003",0.0471479803582165,15.366817135765,6.22385541792081,21.6378205340441,"May2024","RUNX1_WT2_GT23-13720_TTGGACTC-CTGCTTCC_S157_L003_R1_001.fastq.gz","KOLF2.2 derived primitive syncytium ","KOLF2.2J","20%","WT","PrS","6","extra-embryonic primitive syncytial cells","20231124_23-robson-013"
"RUNX1_WT3_GT23-13721_GGCTTAAG-GGTCACGA_S174_L003",0.243318806660958,14.4663807342998,6.2134443220248,20.9231438629856,"May2024","RUNX1_WT3_GT23-13721_GGCTTAAG-GGTCACGA_S174_L003_R1_001.fastq.gz","KOLF2.2 derived primitive syncytium ","KOLF2.2J","20%","WT","PrS","6","extra-embryonic primitive syncytial cells","20231124_23-robson-013"
"WT_1__Normoxia_GT23-11288_CCGCGGTT-CTAGCGCT_S39_L001",1.24783719748052,14.0489250081691,4.10288835794104,19.3996505635907,"Dec2023","WT_1__Normoxia_GT23-11288_CCGCGGTT-CTAGCGCT_S39_L001_R1_001.fastq.gz","KOLF2.2 derived primitive syncytium in normoxia","KOLF2.2J","20%","WT","PrS","6","extra-embryonic primitive syncytial cells","20230918_23-robson-008"
"WT_2__Normoxia_GT23-11289_TTATAACC-TCGATATC_S27_L001",2.18305588808932,14.3761137556355,4.59254218431178,21.1517118280366,"Dec2023","WT_2__Normoxia_GT23-11289_TTATAACC-TCGATATC_S27_L001_R1_001.fastq.gz","KOLF2.2 derived primitive syncytium in normoxia","KOLF2.2J","20%","WT","PrS","6","extra-embryonic primitive syncytial cells","20230918_23-robson-008"
"WT_3__Normoxia_GT23-11290_GGACTTGG-CGTCTGCG_S36_L001",1.22023894180517,11.4688291433694,4.79947521222693,17.4885432974015,"Dec2023","WT_3__Normoxia_GT23-11290_GGACTTGG-CGTCTGCG_S36_L001_R1_001.fastq.gz","KOLF2.2 derived primitive syncytium in normoxia","KOLF2.2J","20%","WT","PrS","6","extra-embryonic primitive syncytial cells","20230918_23-robson-008"
"WT_PITX1_LMO2_ZBTB7C_1_GT23-14992_GTTCCAAT-GCAGAATT_S41_L001",1.489401879809,18.1601423603604,5.95215031667792,25.6016945568473,"RNAseq4","WT_PITX1_LMO2_ZBTB7C_1_GT23-14992_GTTCCAAT-GCAGAATT_S41_L001_R1_001.fastq.gz","KOLF2.2 derived primitive syncytium ","KOLF2.2J","20%","WT","PrS","6","Extra-embryonic primitive syncytial cells","20231226_23-robson-018"
"WT_PITX1_LMO2_ZBTB7C_2_GT23-14993_ACCTTGGC-ATGAGGCC_S36_L001",1.69009546633046,18.3294972282585,6.01519549676315,26.0347881913522,"RNAseq4","WT_PITX1_LMO2_ZBTB7C_2_GT23-14993_ACCTTGGC-ATGAGGCC_S36_L001_R1_001.fastq.gz","KOLF2.2 derived primitive syncytium ","KOLF2.2J","20%","WT","PrS","6","Extra-embryonic primitive syncytial cells","20231226_23-robson-018"
"WT_PITX1_LMO2_ZBTB7C_3_GT23-14994_ATATCTCG-ACTAAGAT_S45_L001",1.7616238648035,18.3033536768031,5.89775953380703,25.9627370754136,"RNAseq4","WT_PITX1_LMO2_ZBTB7C_3_GT23-14994_ATATCTCG-ACTAAGAT_S45_L001_R1_001.fastq.gz","KOLF2.2 derived primitive syncytium ","KOLF2.2J","20%","WT","PrS","6","Extra-embryonic primitive syncytial cells","20231226_23-robson-018"
"GCM1_PTC_A11_GT23-11442_CGTTAGAA-GACCTGAA_S52_L002",2.52828082887835,3.88518682516631,4.91112801733865,11.3245956713833,"Dec2023","GCM1_PTC_A11_GT23-11442_CGTTAGAA-GACCTGAA_S52_L002_R1_001.fastq.gz","KOLF2.2 deleted GCM1 by insertion of premature termination codon (PTC) derived primitive syncytium ","KOLF2.2J","20%","GCM1","PrS","6","extra-embryonic primitive syncytial cells","20230918_23-robson-009"
"GCM1_PTC_B12_GT23-11443_AGCCTCAT-TCTCTACT_S51_L002",2.95106621084174,3.30069376377013,4.52372304334506,10.7754830179569,"Dec2023","GCM1_PTC_B12_GT23-11443_AGCCTCAT-TCTCTACT_S51_L002_R1_001.fastq.gz","KOLF2.2 deleted GCM1 by insertion of premature termination codon (PTC) derived primitive syncytium ","KOLF2.2J","20%","GCM1","PrS","6","extra-embryonic primitive syncytial cells","20230918_23-robson-009"
"GCM1_PTC_E11_GT23-11444_GATTCTGC-CTCTCGTC_S47_L002",2.35966695891061,3.43152274193252,5.12063857873602,10.9118282795791,"Dec2023","GCM1_PTC_E11_GT23-11444_GATTCTGC-CTCTCGTC_S47_L002_R1_001.fastq.gz","KOLF2.2 deleted GCM1 by insertion of premature termination codon (PTC) derived primitive syncytium ","KOLF2.2J","20%","GCM1","PrS","6","extra-embryonic primitive syncytial cells","20230918_23-robson-009"
