"Mixture","EXM","Prim","CTB","Absolute.score..sig.score.","dataset","DIFFERENTIATED.CELL.LINE.ID.(Required)","INPUT.LIBRARY.PREPARATION.ID.(Required)","FILE.NAME.(Required)","CONTENT.DESCRIPTION","SEQUENCING.PROTOCOL.ID.(Required)","READ.INDEX.(Required)","LANE.INDEX","RUN.ID","LIBRARY.PREPARATION.PROTOCOL.ID.(Required)","DISSOCIATION.PROTOCOL.ID.(Required)","LIBRARY.AVERAGE.FRAGMENT.SIZE","LIBRARY.INPUT.AMOUNT.VALUE","LIBRARY.INPUT.AMOUNT.UNIT","LIBRARY.FINAL.YIELD.VALUE","LIBRARY.FINAL.YIELD.UNIT","LIBRARY.CONCENTRATION.VALUE","LIBRARY.CONCENTRATION.UNIT","LIBRARY.PCR.CYCLES","LIBRARY.PCR.CYCLES.FOR.SAMPLE.INDEX","DIFFERENTIATED.CELL.LINE.DESCRIPTION","NCBI.TAXON.ID.(Required)","INSDC.EXPERIMENT.ACCESSION.(Required)","GENUS.SPECIES.(Required)","GENUS.SPECIES.ONTOLOGY.ID","GENUS.SPECIES.ONTOLOGY.LABEL.ONTOLOGY.ID","BIOSAMPLES.ACCESSION","INPUT.CELL.LINE.ID.(Required)","DIFFERENTIATION.PROTOCOL.ID.(Required)","TIMEPOINT.VALUE","TIMEPOINT.UNIT","TERMINALLY.DIFFERENTIATED?","Model.System","2.extra.collums….what.are.they?.How.are.they.called?.Where.do.they.live?","condition","batch","oxygen"
"GCM1_WT_1_GT23-11433_ACTAAGAT-CCGCGGTT_S57_L002",0.707853258219698,13.7655655709397,1.7701421129022,16.2435609420616,"Dec2023","PrS-MOK20022-WT1","GT23-11433","GCM1_WT_1_GT23-11433_ACTAAGAT-CCGCGGTT_S57_L002_R1_001.fastq.gz",NA,"JAXPS001","read1",NA,"20230918_23-robson-009","JAXPL001","N.A","425","300","ngs","324","ngs","69.2","nM","10",NA,"KOLF2.2 derived primitive syncytium ",NA,NA,NA,NA,NA,NA,"MOK20022-WT1","JAXPD001","6","days","Yes","extra-embryonic primitive syncytial cells",NA,"WT","20230918_23-robson-009","20%"
"GCM1_WT_2_GT23-11434_GTCGGAGC-TTATAACC_S46_L002",1.78198656531673,9.29280933503973,2.38265898351064,13.4574548838671,"Dec2023","PrS-MOK20022-WT2","GT23-11434","GCM1_WT_2_GT23-11434_GTCGGAGC-TTATAACC_S46_L002_R1_001.fastq.gz",NA,"JAXPS001","read1",NA,"20230918_23-robson-009","JAXPL001","N.A","413","300","ngs","178","ngs","45","nM","10",NA,"KOLF2.2 derived primitive syncytium ",NA,NA,NA,NA,NA,NA,"MOK20022-WT2","JAXPD001","6","days","Yes","extra-embryonic primitive syncytial cells",NA,"WT","20230918_23-robson-009","20%"
"GCM1_WT_3_GT23-11435_CTTGGTAT-GGACTTGG_S41_L002",1.47250604583862,11.1181170086467,1.8805421738678,14.4711652283532,"Dec2023","PrS-MOK20022-WT3","GT23-11435","GCM1_WT_3_GT23-11435_CTTGGTAT-GGACTTGG_S41_L002_R1_001.fastq.gz",NA,"JAXPS001","read1",NA,"20230918_23-robson-009","JAXPL001","N.A","411","300","ngs","360","ngs","75.400000000000006","nM","10",NA,"KOLF2.2 derived primitive syncytium ",NA,NA,NA,NA,NA,NA,"MOK20022-WT3","JAXPD001","6","days","Yes","extra-embryonic primitive syncytial cells",NA,"WT","20230918_23-robson-009","20%"
"KOLF2_FOSB_1_GT23-10493_GACCTGAA-CTCACCAA_S32_L001",0.354478472241407,13.421605234064,4.1425553360062,17.9186390423116,"Dec2023","PrS-MOK20017-WT","GT23-10493","KOLF2_FOSB_1_GT23-10493_GACCTGAA-CTCACCAA_S32_L001_R1_001.fastq.gz",NA,"JAXPS001","read1",NA,"20230809_23-robson-005-run2","JAXPL001","N.A","430","300","ngs","176.8","ngs","34.700000000000003","nM","10",NA,"KOLF2.2 derived primitive syncytium ",NA,NA,NA,NA,NA,NA,"MOK20017-WT","JAXPD001","6","days","Yes","extra-embryonic primitive syncytial cells",NA,"WT","20230809_23-robson-005-run2","20%"
"KOLF2_GHRL1_2_GT23-10492_TTACAGGA-GCTTGTCA_S6_L001",0.209879287823683,12.5210121102965,4.35337762373705,17.0842690218572,"Dec2023","PrS-MOK20013-WT","GT23-10492","KOLF2_GHRL1_2_GT23-10492_TTACAGGA-GCTTGTCA_S6_L001_R1_001.fastq.gz",NA,"JAXPS001","read1",NA,"20230809_23-robson-005-run2","JAXPL001","N.A","423","300","ngs","196","ngs","38.700000000000003","nM","10",NA,"KOLF2.2 derived primitive syncytium ",NA,NA,NA,NA,NA,NA,"MOK20013-WT","JAXPD001","6","days","Yes","extra-embryonic primitive syncytial cells",NA,"WT","20230809_23-robson-005-run2","20%"
"KOLF2_POU2F3_1_GT23-10491_CCGTGAAG-ATCCACTG_S38_L001",0.770488184894587,10.1484143212531,5.22423541515931,16.143137921307,"Dec2023","PrS-MOK20010P-WT","GT23-10491 ","KOLF2_POU2F3_1_GT23-10491_CCGTGAAG-ATCCACTG_S38_L001_R1_001.fastq.gz",NA,"JAXPS001","read1",NA,"20230809_23-robson-005-run2","JAXPL001","N.A","431","300","ngs","244","ngs","47.7","nM","10",NA,"KOLF2.2 derived primitive syncytium ",NA,NA,NA,NA,NA,NA,"MOK20010P-WT","JAXPD001","6","days","Yes","extra-embryonic primitive syncytial cells",NA,"WT","20230809_23-robson-005-run2","20%"
"PPARG_WT_1_GT23-11445_TCGTAGTG-CCAAGTCT_S43_L002",1.58081435951575,10.0326256046824,4.41683739602304,16.0302773602212,"Dec2023","PrS-MOK20026-WT1","GT23-11445","PPARG_WT_1_GT23-11445_TCGTAGTG-CCAAGTCT_S43_L002_R1_001.fastq.gz",NA,"JAXPS001","read1",NA,"20230918_23-robson-010","JAXPL001","N.A","402","300","ngs","274","ngs","73.2","nM","10",NA,"KOLF2.2 derived primitive syncytium ",NA,NA,NA,NA,NA,NA,"MOK20026-WT1","JAXPD001","6","days","Yes","extra-embryonic primitive syncytial cells",NA,"WT","20230918_23-robson-010","20%"
"PPARG_WT_2_GT23-11446_CTACGACA-TTGGACTC_S42_L002",2.24392233640959,9.70044286960825,4.20437731101888,16.1487425170367,"Dec2023","PrS-MOK20026-WT2","GT23-11446","PPARG_WT_2_GT23-11446_CTACGACA-TTGGACTC_S42_L002_R1_001.fastq.gz",NA,"JAXPS001","read1",NA,"20230918_23-robson-010","JAXPL001","N.A","415","300","ngs","141.19999999999999","ngs","28.6","nM","10",NA,"KOLF2.2 derived primitive syncytium ",NA,NA,NA,NA,NA,NA,"MOK20026-WT2","JAXPD001","6","days","Yes","extra-embryonic primitive syncytial cells",NA,"WT","20230918_23-robson-010","20%"
"PPARG_WT_3_GT23-11447_TAAGTGGT-GGCTTAAG_S55_L002",1.2536149284359,10.9847514351509,4.16845971871083,16.4068260822976,"Dec2023","PrS-MOK20026-WT3","GT23-11447","PPARG_WT_3_GT23-11447_TAAGTGGT-GGCTTAAG_S55_L002_R1_001.fastq.gz",NA,"JAXPS001","read1",NA,"20230918_23-robson-010","JAXPL001","N.A","423","300","ngs","262","ngs","63.4","nM","10",NA,"KOLF2.2 derived primitive syncytium ",NA,NA,NA,NA,NA,NA,"MOK20026-WT3","JAXPD001","6","days","Yes","extra-embryonic primitive syncytial cells",NA,"WT","20230918_23-robson-010","20%"
"WT_1__Normoxia_GT23-11288_CCGCGGTT-CTAGCGCT_S39_L001",1.66706398059033,13.1304551784596,4.6021314045407,19.3996505635907,"Dec2023","PrS-MOK20012-WT1-nor","GT23-11288","WT_1__Normoxia_GT23-11288_CCGCGGTT-CTAGCGCT_S39_L001_R1_001.fastq.gz",NA,"JAXPS001","read1",NA,"20230918_23-robson-008","JAXPL001","N.A","392","300","ngs","289.20000000000005","ngs","62.6","nM","10",NA,"KOLF2.2 derived primitive syncytium in normoxia",NA,NA,NA,NA,NA,NA,"MOK20012-WT1","JAXPD001","6","days","Yes","extra-embryonic primitive syncytial cells",NA,"WT","20230918_23-robson-008","20%"
"WT_2__Normoxia_GT23-11289_TTATAACC-TCGATATC_S27_L001",2.58389801669108,13.7517838515627,4.81602995978278,21.1517118280366,"Dec2023","PrS-MOK20012-WT2-nor","GT23-11289","WT_2__Normoxia_GT23-11289_TTATAACC-TCGATATC_S27_L001_R1_001.fastq.gz",NA,"JAXPS001","read1",NA,"20230918_23-robson-008","JAXPL001","N.A","395","300","ngs","236.8","ngs","50.6","nM","10",NA,"KOLF2.2 derived primitive syncytium in normoxia",NA,NA,NA,NA,NA,NA,"MOK20012-WT2","JAXPD001","6","days","Yes","extra-embryonic primitive syncytial cells",NA,"WT","20230918_23-robson-008","20%"
"WT_3__Normoxia_GT23-11290_GGACTTGG-CGTCTGCG_S36_L001",1.54089951354165,10.8743253493734,5.07331843448645,17.4885432974015,"Dec2023","PrS-MOK20012-WT3-nor","GT23-11290","WT_3__Normoxia_GT23-11290_GGACTTGG-CGTCTGCG_S36_L001_R1_001.fastq.gz",NA,"JAXPS001","read1",NA,"20230918_23-robson-008","JAXPL001","N.A","404","300","ngs","265.59999999999997","ngs","55.6","nM","10",NA,"KOLF2.2 derived primitive syncytium in normoxia",NA,NA,NA,NA,NA,NA,"MOK20012-WT3","JAXPD001","6","days","Yes","extra-embryonic primitive syncytial cells",NA,"WT","20230918_23-robson-008","20%"
"PTC_A09__Normoxia_GT23-11297_GACCTGAA-CTCACCAA_S16_L001",1.0777614714677,15.8999551570798,2.99300343534633,19.9707200638939,"Dec2023","PrS-MOK20012P-A09-nor","GT23-11297","PTC_A09__Normoxia_GT23-11297_GACCTGAA-CTCACCAA_S16_L001_R1_001.fastq.gz",NA,"JAXPS001","read1",NA,"20230918_23-robson-008","JAXPL001","N.A","401","300","ngs","137.6","ngs","28.8","nM","10",NA,"KOLF2.2 deleted EPAS1 by insertion of premature termination codon (PTC) derived primitive syncytium in normoxia",NA,NA,NA,NA,NA,NA,"MOK20012P-A09","JAXPD001","6","days","Yes","extra-embryonic primitive syncytial cells",NA,"EPAS1","20230918_23-robson-008","20%"
"PTC_D10__Normoxia_GT23-11298_TCTCTACT-GAACCGCG_S32_L001",0.366396892455989,16.4878852844726,3.93216448118737,20.7864466581159,"Dec2023","PrS-MOK20012P-D10-nor","GT23-11298","PTC_D10__Normoxia_GT23-11298_TCTCTACT-GAACCGCG_S32_L001_R1_001.fastq.gz",NA,"JAXPS001","read1",NA,"20230918_23-robson-008","JAXPL001","N.A","402","300","ngs","221.6","ngs","46.2","nM","10",NA,"KOLF2.2 deleted EPAS1 by insertion of premature termination codon (PTC) derived primitive syncytium in normoxia",NA,NA,NA,NA,NA,NA,"MOK20012P-D10","JAXPD001","6","days","Yes","extra-embryonic primitive syncytial cells",NA,"EPAS1","20230918_23-robson-008","20%"
"PTC_G09__Normoxia_GT23-11299_CTCTCGTC-AGGTTATA_S23_L001",0.622977184114737,16.030293894575,3.73866298318679,20.3919340618765,"Dec2023","PrS-MOK20012P-G09-nor","GT23-11299","PTC_G09__Normoxia_GT23-11299_CTCTCGTC-AGGTTATA_S23_L001_R1_001.fastq.gz",NA,"JAXPS001","read1",NA,"20230918_23-robson-008","JAXPL001","N.A","401","300","ngs","185.6","ngs","38.799999999999997","nM","10",NA,"KOLF2.2 deleted EPAS1 by insertion of premature termination codon (PTC) derived primitive syncytium in normoxia",NA,NA,NA,NA,NA,NA,"MOK20012P-G09","JAXPD001","6","days","Yes","extra-embryonic primitive syncytial cells",NA,"EPAS1","20230918_23-robson-008","20%"
"WT_1__Hypoxia_GT23-11300_CCAAGTCT-TCATCCTT_S29_L001",10.1893416829028,2.36080033642836,5.59525044073016,18.1453924600614,"Dec2023","PrS-MOK20012-WT1-hyp","GT23-11300","WT_1__Hypoxia_GT23-11300_CCAAGTCT-TCATCCTT_S29_L001_R1_001.fastq.gz",NA,"JAXPS001","read1",NA,"20230918_23-robson-008","JAXPL001","N.A","397","300","ngs","211.20000000000002","ngs","44.8","nM","10",NA,"KOLF2.2 derived primitive syncytium in hypoxia",NA,NA,NA,NA,NA,NA,"MOK20012-WT1","JAXPD001","6","days","Yes","extra-embryonic primitive syncytial cells",NA,"WT","20230918_23-robson-008","3%"
"WT_2__Hypoxia_GT23-11301_TTGGACTC-CTGCTTCC_S37_L001",13.8836037608467,3.0983603929982,3.60792736444327,20.5898915182882,"Dec2023","PrS-MOK20012-WT2-hyp","GT23-11301","WT_2__Hypoxia_GT23-11301_TTGGACTC-CTGCTTCC_S37_L001_R1_001.fastq.gz",NA,"JAXPS001","read1",NA,"20230918_23-robson-008","JAXPL001","N.A","402","300","ngs","176.8","ngs","37","nM","10",NA,"KOLF2.2 derived primitive syncytium in hypoxia",NA,NA,NA,NA,NA,NA,"MOK20012-WT2","JAXPD001","6","days","Yes","extra-embryonic primitive syncytial cells",NA,"WT","20230918_23-robson-008","3%"
"WT_3__Hypoxia_GT23-11302_CAGTAGGC-ATTCGTCA_S34_L001",5.55493877217613,4.04916793075809,7.66780186453057,17.2719085674648,"Dec2023","PrS-MOK20012-WT3-hyp","GT23-11302","WT_3__Hypoxia_GT23-11302_CAGTAGGC-ATTCGTCA_S34_L001_R1_001.fastq.gz",NA,"JAXPS001","read1",NA,"20230918_23-robson-008","JAXPL001","N.A","391","300","ngs","150.80000000000001","ngs","32.4","nM","10",NA,"KOLF2.2 derived primitive syncytium in hypoxia",NA,NA,NA,NA,NA,NA,"MOK20012-WT3","JAXPD001","6","days","Yes","extra-embryonic primitive syncytial cells",NA,"WT","20230918_23-robson-008","3%"
"PTC_A09__Hypoxia_GT23-11309_AACGTTCC-AGTACTCC_S30_L001",2.27700036492035,11.2527695845763,6.99906620569853,20.5288361551952,"Dec2023","PrS-MOK20012P-A09-hyp","GT23-11309","PTC_A09__Hypoxia_GT23-11309_AACGTTCC-AGTACTCC_S30_L001_R1_001.fastq.gz",NA,"JAXPS001","read1",NA,"20230918_23-robson-008","JAXPL001","N.A","387","300","ngs","185.2","ngs","40","nM","10",NA,"KOLF2.2 deleted EPAS1 by insertion of premature termination codon (PTC) derived primitive syncytium in hypoxia",NA,NA,NA,NA,NA,NA,"MOK20012P-A09","JAXPD001","6","days","Yes","extra-embryonic primitive syncytial cells",NA,"EPAS1","20230918_23-robson-008","3%"
"PTC_D10__Hypoxia_GT23-11310_GCAGAATT-TGGCCGGT_S22_L001",3.11246790848295,8.89671111527505,7.16156467553791,19.1707436992959,"Dec2023","PrS-MOK20012P-D10-hyp","GT23-11310","PTC_D10__Hypoxia_GT23-11310_GCAGAATT-TGGCCGGT_S22_L001_R1_001.fastq.gz",NA,"JAXPS001","read1",NA,"20230918_23-robson-008","JAXPL001","N.A","421","300","ngs","274.8","ngs","54.6","nM","10",NA,"KOLF2.2 deleted EPAS1 by insertion of premature termination codon (PTC) derived primitive syncytium in hypoxia",NA,NA,NA,NA,NA,NA,"MOK20012P-D10","JAXPD001","6","days","Yes","extra-embryonic primitive syncytial cells",NA,"EPAS1","20230918_23-robson-008","3%"
"PTC_G09__Hypoxia_GT23-11311_ATGAGGCC-CAATTAAC_S28_L001",2.33069719330887,10.4759260601886,7.53842405515822,20.3450473086556,"Dec2023","PrS-MOK20012P-G09-hyp","GT23-11311","PTC_G09__Hypoxia_GT23-11311_ATGAGGCC-CAATTAAC_S28_L001_R1_001.fastq.gz",NA,"JAXPS001","read1",NA,"20230918_23-robson-008","JAXPL001","N.A","400","300","ngs","116.4","ngs","24.4","nM","10",NA,"KOLF2.2 deleted EPAS1 by insertion of premature termination codon (PTC) derived primitive syncytium in hypoxia",NA,NA,NA,NA,NA,NA,"MOK20012P-G09","JAXPD001","6","days","Yes","extra-embryonic primitive syncytial cells",NA,"EPAS1","20230918_23-robson-008","3%"
